epoch,batch_loss,train_loss,train_acc,val_loss,val_acc
1,1.112727410035115,0.9927045702934265,0.6321839094161987,1.041574478149414,0.5833333134651184
2,0.9563286551113787,0.8708744049072266,0.8754789233207703,0.9735751748085022,0.7435897588729858
3,0.8323138303683635,0.7386505007743835,0.9636015295982361,0.8971522450447083,0.7820512652397156
4,0.6963155340417592,0.5941665768623352,0.9865900278091431,0.8069596886634827,0.8012820482254028
5,0.5530198951790616,0.45170924067497253,0.9942528605461121,0.7146340608596802,0.8205128312110901
6,0.41651825875158055,0.3295851945877075,0.998084306716919,0.6328578591346741,0.8269230723381042
7,0.3133947995430665,0.2355305701494217,0.998084306716919,0.5688517093658447,0.8333333134651184
8,0.21757446857476143,0.16914813220500946,0.998084306716919,0.5178930163383484,0.8333333134651184
9,0.16546797621067455,0.12330684810876846,1.0,0.4841790795326233,0.8397436141967773
10,0.12118566281722423,0.09318580478429794,1.0,0.46171456575393677,0.8397436141967773
11,0.09224693919621209,0.07225681096315384,1.0,0.4483058750629425,0.8461538553237915
12,0.07919924283735597,0.057268671691417694,1.0,0.43987688422203064,0.8461538553237915
13,0.05985425609624249,0.046486999839544296,1.0,0.43616983294487,0.8461538553237915
14,0.05818308857751304,0.038149770349264145,1.0,0.4333712160587311,0.8461538553237915
15,0.048603727792700134,0.03184138983488083,1.0,0.4328470528125763,0.8461538553237915
16,0.039195083185202546,0.02684714086353779,1.0,0.43291738629341125,0.8461538553237915
17,0.03150100105395719,0.023219458758831024,1.0,0.43333327770233154,0.8461538553237915
18,0.029065960782697832,0.02018040604889393,1.0,0.43472787737846375,0.8461538553237915
19,0.026842531459084874,0.017590312287211418,1.0,0.43712884187698364,0.8461538553237915
20,0.02536826942587036,0.015434155240654945,1.0,0.4393906593322754,0.8461538553237915
21,0.019513484158364063,0.013705681078135967,1.0,0.44363442063331604,0.8461538553237915
22,0.02017416680138915,0.012243940494954586,1.0,0.44718503952026367,0.8461538553237915
23,0.016095868743584988,0.010976700112223625,1.0,0.4504869282245636,0.8461538553237915
24,0.016730725026593125,0.009901957586407661,1.0,0.45347684621810913,0.8461538553237915
25,0.013224729625829336,0.009044969454407692,1.0,0.45687273144721985,0.8461538553237915
26,0.013313414364824807,0.008272329345345497,1.0,0.4593106210231781,0.8461538553237915
27,0.012218541112439385,0.007602113299071789,1.0,0.4621184468269348,0.8461538553237915
28,0.01063179311260467,0.006993158254772425,1.0,0.4665643870830536,0.8461538553237915
29,0.012806745240700313,0.0064369854517281055,1.0,0.4703482985496521,0.8461538553237915
30,0.009156726705716831,0.005957336165010929,1.0,0.4741098880767822,0.8461538553237915
31,0.010362241834659001,0.005517357029020786,1.0,0.47664976119995117,0.8461538553237915
32,0.00971628008303286,0.005087694618850946,1.0,0.4789467751979828,0.8461538553237915
33,0.009108994106166208,0.004719957709312439,1.0,0.4809838831424713,0.8461538553237915
34,0.008090942284499091,0.004386246670037508,1.0,0.48380088806152344,0.8461538553237915
35,0.007376164561886897,0.004118886310607195,1.0,0.48620736598968506,0.8461538553237915
36,0.007659846381551918,0.00384597759693861,1.0,0.4896995425224304,0.8461538553237915
37,0.005845639194536711,0.0036063308361917734,1.0,0.49326372146606445,0.8461538553237915
38,0.006239213382154418,0.003395299194380641,1.0,0.4960782825946808,0.8461538553237915
39,0.00643161043410557,0.0032072127796709538,1.0,0.4990573227405548,0.8461538553237915
40,0.00606735583334105,0.0030361704993993044,1.0,0.5037816166877747,0.8461538553237915
